÷,Z,!,!,!,!,!,!,!,!,!,!,!,!,!,!,!
Ï,!,!,!,!,!,!,!,!,!,!,!,!,!,!,!,!
¿,!,!,!,!,!,!,!,!,!,!,!,!,!,!,!,!
!,!,!,!,!,!,!,!,!,!,!,!,!,!,!,!,!
!,!,!,\,!,!,!,!,!,!,!,!,!,!,!,!,!
!,!,¿,\,!,!,!,!,!,!,!,!,!,!,!,!,!
!,!,\,\,!,!,!,!,!,!,!,!,!,!,!,!,!
!,!,Z,¿,!,!,!,!,!,!,!,!,!,!,!,!,!
!,O,\,!,!,!,!,!,!,!,!,!,!,!,!,!,!
!,¿,!,!,!,!,!,!,!,!,!,!,!,!,!,!,!
!,O,!,!,!,!,!,!,!,!,!,!,!,!,!,!,!
!,!,!,!,!,!,!,!,!,!,!,!,!,!,!,!,!
!,!,!,!,!,!,!,!,!,!,!,!,!,!,!,!,!
!,!,!,!,!,!,!,!,!,!,!,!,!,!,!,!,!
!,!,!,!,!,!,!,!,!,!,!,!,!,!,!,!,!
!,!,!,!,!,!,!,!,!,!,!,!,!,!,!,!,!
Â,!,!,!,!,!,!,!,!,!,!,!,!,!,!,!,!
A,Â,Â,!,!,!,!,!,!,!,!,!,!,!,!,!,!
!,!,!,!,Â,Â,!,!,!,!,!,!,!,!,!,!,!
!,!,Â,Â,X,X,A,!,!,!,!,!,!,!,!,!,!
!,î,y,N,x,x,x,A,!,!,!,!,!,!,!,!,!
!,ä,å,å,å,å,å,è,!,!,!,!,!,!,!,!,!
!,!,!,!,!,!,!,!,!,!,!,!,!,!,!,!,!
!,!,î,!,!,!,!,!,!,!,!,!,!,!,!,!,!
!,Â,Ó,x,!,!,A,å,Â,!,!,!,!,!,!,!,!
!,!,î,Ó,ª,!,!,],q,!,!,!,!,!,!,!,!
Â,!,!,ª,®,ª,!,!,!,!,!,!,!,!,!,!,!
å,!,!,!,N,8,b,!,!,!,!,!,!,!,!,!,!
x,A,!,!,X,},!,!,],!,!,!,!,!,!,!,!
x,X,!,!,!,î,!,Â,"""",Â,!,!,!,!,!,!,!
x,X,!,!,!,!,!,!,Â,ä,!,!,!,!,!,!,!
x,Â,!,!,!,!,!,!,!,!,!,!,!,!,!,!,!
%,Â,!,!,!,!,ª,Ó,î,!,!,!,!,!,!,!,!
%,Â,!,!,!,!,Â,®,®,ª,!,!,!,!,!,!,!
x,!,!,A,Â,!,!,ª,®,8,x,!,!,!,!,!,!
!,!,!,å,å,!,!,!,î,},},î,!,!,!,!,!
!,!,!,å,X,!,!,!,!,!,Â,°,W,!,!,!,!
X,O,!,å,X,Â,!,!,!,!,!,!,S,!,!,!,!
8,Â,!,!,X,î,!,!,î,°,!,!,!,!,!,!,!
®,Â,!,!,!,!,!,!,Â,-,Â,!,!,!,!,!,!
8,W,!,!,!,!,!,!,!,x,Â,!,!,!,!,!,!
8,î,!,°,Í,!,X,!,!,å,Â,!,!,!,!,!,!
8,ª,!,î,î,Â,Ó,î,!,Â,î,!,!,!,!,!,!
x,Ó,!,!,x,N,},x,!,!,q,!,!,!,!,!,!
!,î,!,!,Ó,•,},N,!,!,W,!,!,!,!,!,!
!,!,!,!,î,î,N,8,î,!,!,!,!,!,!,!,!
!,!,!,!,!,!,!,î,î,!,!,!,!,!,!,!,!
!,!,!,!,!,!,!,!,!,!,!,!,!,!,!,!,!
!,!,!,!,!,!,!,!,!,!,!,!,!,!,!,!,!
!,!,!,!,!,!,!,!,!,!,!,!,!,!,!,!,!
!,!,!,!,!,!,!,!,!,!,!,!,!,!,!,!,!
!,!,!,!,!,!,!,!,!,!,!,!,!,!,!,!,!
!,!,!,!,!,!,!,!,!,!,!,!,!,!,!,!,!
!,!,!,!,!,!,!,!,!,!,!,!,!,!,!,!,!
!,!,!,!,!,!,!,!,!,!,!,!,!,!,!,!,!
´,G,!,!,!,!,!,!,!,!,!,!,!,!,!,!,!
¾,O,!,!,!,!,!,!,!,!,!,!,!,!,!,!,!
!,!,!,!,O,b,!,!,!,!,!,!,!,!,!,!,!
!,!,¸,J,G,¸,!,!,!,!,!,!,!,!,!,!,!
!,!,O,´,O,!,!,!,!,!,!,!,!,!,!,!,!
¸,S,!,!,!,!,¶,‘,ä,!,!,!,!,!,!,!,!
J,¸,!,!,O,7,l,J,S,!,!,!,!,!,!,!,!
t,ø,¸,!,!,t,E,O,!,!,!,!,!,!,!,!,!
ø,ø,Õ,!,!,!,!,!,!,!,!,!,!,!,!,!,!
©,æ,?,O,!,!,!,!,!,!,!,!,!,!,!,!,!
¶,f,!,!,!,!,!,!,!,!,!,!,!,!,!,!,!
¿,!,!,!,!,!,!,!,!,!,!,!,!,!,!,!,!
!,!,!,!,!,!,!,!,!,!,!,!,!,!,!,!,!
!,!,!,!,!,!,!,!,!,!,!,!,!,!,!,!,!
!,!,!,!,!,!,!,!,!,!,!,!,!,!,!,!,!
!,!,!,!,!,!,!,!,!,!,!,!,!,!,!,!,!
!,!,S,!,!,!,!,!,!,!,!,!,!,!,!,!,!
!,!,!,!,!,!,!,!,!,!,!,!,!,!,!,!,!
!,!,!,!,!,!,!,!,!,!,!,!,!,!,!,!,!
!,!,Â,!,!,!,!,!,!,!,!,!,!,!,!,!,!
!,î,å,!,!,!,!,!,!,!,!,!,!,!,!,!,!
